<?xml version="1.0" encoding="UTF-8"?><?xml-stylesheet type='text/xsl' href='_UpgradeReport_Files/UpgradeReport.xslt'?><UpgradeLog>
<Properties><Property Name="Solution" Value="SQLServerDBAInfoLoad">
</Property><Property Name="Solution File" Value="C:\Users\cbecker\Documents\Visual Studio 2008\Projects\SQLServerDBAInfoLoad\SQLServerDBAInfoLoad.sln">
</Property><Property Name="Date" Value="Tuesday, August 30, 2016">
</Property><Property Name="Time" Value="23:27 PM">
</Property></Properties><Event ErrorLevel="0" Project="" Source="SQLServerDBAInfoLoad.sln" Description="Solution converted successfully">
</Event><Event ErrorLevel="3" Project="" Source="SQLServerDBAInfoLoad.sln" Description="Converted">
</Event></UpgradeLog>